# Timon	GVA1418,GVA1515,GVA1926
# Locus ID	Chr	BP	Col	Pop ID	P Nuc	Q Nuc	N	P	Obs Het	Obs Hom	Exp Het	Exp Hom	Pi	Smoothed Pi	Smoothed Pi P-value	Fis	Smoothed Fis	Smoothed Fis P-value	HWE P-value	Private
16	un	2632	236	Timon	A	G	2	0.50000000	0.00000	1.00000	0.50000	0.50000	0.66667	-1.00000	-1.00000	1.00000	-1.00000	-1.00000	1.00000	0
28	un	4418	45	Timon	A	G	2	0.50000000	0.00000	1.00000	0.50000	0.50000	0.66667	-1.00000	-1.00000	1.00000	-1.00000	-1.00000	1.00000	0
28	un	4478	105	Timon	C	T	2	0.50000000	0.00000	1.00000	0.50000	0.50000	0.66667	-1.00000	-1.00000	1.00000	-1.00000	-1.00000	1.00000	0
114	un	19285	10	Timon	C	G	1	0.50000000	1.00000	0.00000	0.50000	0.50000	1.00000	-1.00000	-1.00000	0.00000	-1.00000	-1.00000	1.00000	0
114	un	19378	103	Timon	A	G	1	0.50000000	1.00000	0.00000	0.50000	0.50000	1.00000	-1.00000	-1.00000	0.00000	-1.00000	-1.00000	1.00000	0
114	un	19436	161	Timon	A	G	1	0.50000000	1.00000	0.00000	0.50000	0.50000	1.00000	-1.00000	-1.00000	0.00000	-1.00000	-1.00000	1.00000	0
151	un	26127	101	Timon	C	T	1	0.50000000	1.00000	0.00000	0.50000	0.50000	1.00000	-1.00000	-1.00000	0.00000	-1.00000	-1.00000	1.00000	0
