# Timon	GVA1418,GVA1515,GVA1926
# Locus ID	Chr	BP	Col	Pop ID	P Nuc	Q Nuc	N	P	Obs Het	Obs Hom	Exp Het	Exp Hom	Pi	Smoothed Pi	Smoothed Pi P-value	Fis	Smoothed Fis	Smoothed Fis P-value	HWE P-value	Private
32	un	5330	45	Timon	A	G	2	0.50000000	0.00000	1.00000	0.50000	0.50000	0.66667	-1.00000	-1.00000	1.00000	-1.00000	-1.00000	1.00000	0
32	un	5390	105	Timon	C	T	2	0.50000000	0.00000	1.00000	0.50000	0.50000	0.66667	-1.00000	-1.00000	1.00000	-1.00000	-1.00000	1.00000	0
85	un	14174	236	Timon	A	G	2	0.50000000	0.00000	1.00000	0.50000	0.50000	0.66667	-1.00000	-1.00000	1.00000	-1.00000	-1.00000	1.00000	0
113	un	18971	101	Timon	C	T	1	0.50000000	1.00000	0.00000	0.50000	0.50000	1.00000	-1.00000	-1.00000	0.00000	-1.00000	-1.00000	1.00000	0
164	un	28343	10	Timon	C	G	1	0.50000000	1.00000	0.00000	0.50000	0.50000	1.00000	-1.00000	-1.00000	0.00000	-1.00000	-1.00000	1.00000	0
164	un	28436	103	Timon	A	G	1	0.50000000	1.00000	0.00000	0.50000	0.50000	1.00000	-1.00000	-1.00000	0.00000	-1.00000	-1.00000	1.00000	0
164	un	28494	161	Timon	A	G	1	0.50000000	1.00000	0.00000	0.50000	0.50000	1.00000	-1.00000	-1.00000	0.00000	-1.00000	-1.00000	1.00000	0
